1,59,Spring and summershoes,20,3,8.71,55
1,88,TC Reusable Silicone Magic Washing Gloves,29,2,3.19,56
1,18,Oil Free Moisturizer 100ml,40,2,13.1,70
1,95,Wholesale cargo lashing Belt,930,1,17.67,766
1,39,Women Sweaters Wool,600,2,17.2,994
2,96,lighting ceiling kitchen,30,2,14.89,51
2,91,Black Motorbike,569,3,13.63,1474
2,9,Infinix INBOOK,1099,1,11.83,969
2,16,Hyaluronic Acid Serum,19,1,13.31,16
2,54,Pubg Printed Graphic T-Shirt,46,3,16.44,115
3,37,ank Tops for Womens/Girls,50,2,12.05,88
3,80,Chain Pin Tassel Earrings,45,3,17.75,111
3,68,Stylish Luxury Digital Watch,57,3,9.03,156
3,81,Round Silver Frame Sun Glasses,19,1,10.1,17
3,90,Cycle Bike Glow,35,1,11.08,31
4,36,Sleeve Shirt Womens,90,1,10.89,80
4,54,Pubg Printed Graphic T-Shirt,46,1,16.44,38
4,11,perfume Oil,13,3,8.4,36
4,47,Sneaker shoes,120,2,10.37,215
4,64,Leather Strap Skeleton Watch,46,3,10.2,124
5,23,Orange Essence Food Flavou,14,3,8.04,39
5,91,Black Motorbike,569,1,13.63,491
5,45,Malai Maxi Dress,50,2,5.07,95
5,84,Square Sunglasses,28,1,13.89,24
5,70,Stainless Steel Women,35,3,8.98,96
6,53,printed high quality T shirts,35,3,7.54,97
6,61,Leather Straps Wristwatch,120,2,7.14,223
6,92,HOT SALE IN EUROPE electric racing motorcycle,920,1,14.4,788
6,11,perfume Oil,13,3,8.4,36
6,37,ank Tops for Womens/Girls,50,3,12.05,132
7,61,Leather Straps Wristwatch,120,1,7.14,111
7,80,Chain Pin Tassel Earrings,45,2,17.75,74
7,99,American Vintage Wood Pendant Light,46,3,8.84,126
7,14,Non-Alcoholic Concentrated Perfume Oil,120,1,15.6,101
7,48,Women Strip Heel,40,3,10.83,107
8,45,Malai Maxi Dress,50,1,5.07,47
8,83,Wiley X Night Vision Yellow Glasses,30,3,6.33,84
8,96,lighting ceiling kitchen,30,1,14.89,26
8,21,- Daal Masoor 500 grams,20,3,4.81,57
8,2,iphone X,899,1,17.94,738
9,74,Leather Hand Bag,57,3,11.19,152
9,10,HP Pavilion 15-DK1056WM,1099,3,6.18,3093
9,19,Skin Beauty Serum.,46,2,10.68,82
9,53,printed high quality T shirts,35,1,7.54,32
9,13,Fog Scent Xpressio Perfume,13,1,8.14,12
10,75,Seven Pocket Women Bag,68,1,14.87,58
10,39,Women Sweaters Wool,600,1,17.2,497
10,3,Samsung Universe 9,1249,3,15.46,3168
10,7,Samsung Galaxy Book,1499,1,4.15,1437
10,93,Automatic Motor Gas Motorcycles,1050,3,3.34,3045
11,71,Women Shoulder Bags,46,3,14.65,118
11,25,Gulab Powder 50 Gram,70,2,13.58,121
11,65,Stainless Steel Wrist Watch,47,3,17.79,116
11,58,formal offices shoes,57,1,12,50
11,53,printed high quality T shirts,35,3,7.54,97
12,32,Sofa for Coffe Cafe,50,2,15.59,84
12,41,NIGHT SUIT,55,3,15.05,140
12,69,Golden Watch Pearls Bracelet Watch,47,1,17.55,39
12,98,3 lights lndenpant kitchen islang,34,3,5.92,96
12,67,Fashion Magnetic Wrist Watch,60,2,16.69,100
13,81,Round Silver Frame Sun Glasses,19,1,10.1,17
13,42,Stiched Kurta plus trouser,80,2,15.37,135
13,29,Handcraft Chinese style,60,3,15.34,152
13,64,Leather Strap Skeleton Watch,46,2,10.2,83
13,54,Pubg Printed Graphic T-Shirt,46,1,16.44,38
14,64,Leather Strap Skeleton Watch,46,2,10.2,83
14,76,Silver Ring Set Women,70,2,13.57,121
14,30,Key Holder,30,2,2.92,58
14,88,TC Reusable Silicone Magic Washing Gloves,29,1,3.19,28
14,94,new arrivals Fashion motocross goggles,900,2,3.85,1731
15,4,OPPOF19,280,1,17.91,230
15,100,Crystal chandelier maria theresa for 12 light,47,3,16,118
15,1,iPhone 9,549,2,12.96,956
15,48,Women Strip Heel,40,3,10.83,107
15,94,new arrivals Fashion motocross goggles,900,3,3.85,2596
16,3,Samsung Universe 9,1249,3,15.46,3168
16,50,Women Shoes,36,3,16.87,90
16,67,Fashion Magnetic Wrist Watch,60,2,16.69,100
16,86,Bluetooth Aux,25,1,10.56,22
16,12,Brown Perfume,40,1,15.66,34
17,12,Brown Perfume,40,3,15.66,101
17,25,Gulab Powder 50 Gram,70,1,13.58,60
17,24,cereals muesli fruit nuts,46,2,16.8,77
17,90,Cycle Bike Glow,35,1,11.08,31
17,97,Metal Ceramic Flower,35,1,10.94,31
18,23,Orange Essence Food Flavou,14,2,8.04,26
18,25,Gulab Powder 50 Gram,70,2,13.58,121
18,9,Infinix INBOOK,1099,2,11.83,1938
18,78,Rhinestone Korean Style Open Rings,30,2,8.02,55
18,63,Royal Blue Premium Watch,50,1,2.56,49
19,43,frock gold printed,600,3,15.55,1520
19,77,Rose Ring,100,3,3.22,290
19,50,Women Shoes,36,3,16.87,90
19,31,Mornadi Velvet Bed,40,2,17,66
19,75,Seven Pocket Women Bag,68,3,14.87,174
20,66,Steel Analog Couple Watches,35,3,3.23,102
20,59,Spring and summershoes,20,1,8.71,18
20,29,Handcraft Chinese style,60,1,15.34,51
20,32,Sofa for Coffe Cafe,50,1,15.59,42
20,46,women's shoes,40,2,16.96,66
